15,15,done,draw,drink,eight,fall,full,got,grow,hurt,keep,kind,laugh,light,long,much,myself,never,only,seven,shall,six,ten,today,together
r,n,c,k,t,g,o,t,o,t,x,u,l,t,a
e,w,m,s,b,s,o,q,t,l,y,a,d,o,t
v,a,f,e,j,k,x,e,w,v,h,r,u,q,e
e,r,m,v,j,r,i,i,z,z,l,l,u,f,y
n,d,m,e,w,e,s,g,m,y,s,e,l,f,h
m,u,s,n,n,y,d,h,l,g,f,a,l,l,i
h,a,x,o,k,v,f,t,i,y,l,n,o,f,n
v,y,d,r,l,l,f,h,s,y,m,q,n,e,m
k,d,i,w,i,h,u,r,t,s,f,i,t,y,l
i,j,s,g,g,t,o,g,e,t,h,e,r,m,j
n,o,h,u,p,s,c,k,n,i,r,d,g,w,d
d,t,a,r,e,e,q,u,f,b,v,n,y,o,a
x,l,l,d,e,c,c,d,g,b,o,n,o,r,g
q,q,l,x,k,a,a,c,w,l,q,i,t,g,p
h,c,u,m,v,e,b,b,t,a,x,q,y,y,i